"Rank","Domain","Keywords in SERPs","Estimated organic traffic"
"1","youtube.com","408855671","22665055452.743507"
"2","facebook.com","282448378","11045173549.237974"
"3","wikipedia.org","254297930","38834911554.13832"
"4","reddit.com","189223735","3402544737.728272"
"5","instagram.com","172748509","9263599458.498892"
"6","tiktok.com","171602923","1736608060.7570047"
"7","pinterest.com","142175509","5162227376.053379"
"8","google.com","135145239","14494566114.661217"
"9","quora.com","128494657","2029511780.2128348"
"10","linkedin.com","127152393","2261266841.1707315"
"11","twitter.com","110212173","3299991968.4341755"
"12","amazon.com","107085507","4806758254.335877"
"13","apple.com","65468170","3861133072.367056"
"14","fandom.com","60529128","2109882686.9346735"
"15","wordpress.com","59700881","220598083.28673467"
"16","yahoo.com","54815440","1987461611.7550235"
"17","etsy.com","53902695","503223273.7182511"
"18","ebay.com","52776343","418222889.356216"
"19","yelp.com","47006439","2640284039.8636312"
"20","medium.com","44543292","345360893.32167184"
"21","nih.gov","44103024","1799745420.8923976"
"22","imdb.com","42939494","4909595589.729933"
"23","walmart.com","42642393","1186126093.6878695"
"24","indeed.com","42522420","1061837401.8272836"
"25","tripadvisor.com","39333913","3909310941.9063587"
"26","researchgate.net","33125112","120327226.3668597"
"27","britannica.com","32683135","2709234698.698808"
"28","nytimes.com","32573766","665002985.1620396"
"29","forbes.com","28853155","1026702612.1224117"
"30","shutterstock.com","28554879","450918292.24515045"
"31","mapquest.com","28388222","254660829.68306056"
"32","microsoft.com","27731831","1213114576.7181363"
"33","aliexpress.com","27052782","154140432.6765331"
"34","theguardian.com","25667344","406020865.0045133"
"35","wikihow.com","25511286","435809925.63067526"
"36","cambridge.org","25364469","3407512177.3095036"
"37","alamy.com","24314155","116492543.30063008"
"38","businessinsider.com","24116284","436455285.66089785"
"39","sciencedirect.com","23928770","358619898.9965894"
"40","stackexchange.com","23797067","162876458.89570582"
"41","wiktionary.org","23187196","983711342.2506942"
"42","scribd.com","22864685","174815257.0067028"
"43","reverso.net","22729523","979556224.785119"
"44","foursquare.com","22564852","107039078.37173201"
"45","bbc.com","22557464","590978685.8633175"
"46","dailymotion.com","22107335","174096378.1123261"
"47","indiatimes.com","21700394","1433119290.7302096"
"48","spotify.com","21669427","332554656.870377"
"49","collinsdictionary.com","21535190","1435573975.6649566"
"50","usatoday.com","21506575","699689003.399145"
"51","healthline.com","20671968","1321920824.6664302"
"52","booking.com","20357227","1540641682.000571"
"53","flickr.com","20353312","90697230.26559502"
"54","cnn.com","20164257","490740563.511808"
"55","merriam-webster.com","19622224","3603333435.6199822"
"56","trip.com","19522267","189869424.25207758"
"57","webmd.com","19412197","1366920799.0218363"
"58","soundcloud.com","18718423","217104698.86448807"
"59","study.com","18591199","391102326.63353455"
"60","adobe.com","18170695","814921852.0745327"
"61","istockphoto.com","17928539","521258543.4295396"
"62","wikiwand.com","17634274","70060818.94779828"
"63","yellowpages.com","17610571","61225750.29767809"
"64","amazon.co.uk","17363608","597883124.3963516"
"65","mayoclinic.org","17286035","1856917864.6572673"
"66","github.com","16928905","309885140.1191189"
"67","target.com","16870731","540670754.2992202"
"68","dictionary.com","16643255","1638253789.3586543"
"69","medicalnewstoday.com","15707166","709046421.844813"
"70","wordreference.com","15690623","352674324.67628795"
"71","bab.la","15669010","295894301.4699074"
"72","bbc.co.uk","15323106","690524069.7271104"
"73","screenrant.com","15202034","164141715.85130256"
"74","clevelandclinic.org","15059048","1396280057.983192"
"75","cbsnews.com","14573856","235748658.2060493"
"76","waze.com","14412593","168368819.47559863"
"77","usnews.com","14024343","517151226.5753425"
"78","byjus.com","14000710","1400826091.434371"
"79","yahoo.co.jp","13666094","899848317.4805075"
"80","tumblr.com","13610637","245819726.2098403"
"81","washingtonpost.com","13390393","148285648.7137851"
"82","ign.com","13358452","156108787.96756867"
"83","dailymail.co.uk","13336704","221063805.8119528"
"84","genius.com","13238773","420976984.29597455"
"85","goodreads.com","13082293","287328621.4885479"
"86","cnet.com","13014262","222781283.11379218"
"87","moovitapp.com","12908888","116937678.1646905"
"88","amazon.de","12874010","494071117.6590475"
"89","stackoverflow.com","12869020","149465423.84428537"
"90","hotels.com","12730927","1240843554.562577"
"91","independent.co.uk","12692332","193956135.39867833"
"92","slideshare.net","12443668","73724206.21410744"
"93","ebay.co.uk","12428465","110396330.65570056"
"94","rottentomatoes.com","12372290","786388152.0400809"
"95","deviantart.com","12233640","73291072.17482129"
"96","amazon.in","12114170","1171249018.645441"
"97","homedepot.com","12051887","1057924795.4800812"
"98","thefreedictionary.com","12025142","146603574.59945172"
"99","redbubble.com","11972280","46377306.56367272"
"100","freepik.com","11814417","319792751.67049485"
"101","dreamstime.com","11757579","68189631.19433993"
"102","vocabulary.com","11748649","704572955.2602428"
"103","springer.com","11738747","52434181.857705384"
"104","zoominfo.com","11568486","40713599.09654011"
"105","flipkart.com","11547434","651627134.2174681"
"106","steamcommunity.com","11481846","68539975.34288159"
"107","jstor.org","11241411","48259070.84162597"
"108","europa.eu","11103294","202193401.88113225"
"109","glassdoor.com","11056400","75410699.57648729"
"110","netflix.com","10994298","657329412.0613513"
"111","harvard.edu","10972251","272621924.83950734"
"112","alibaba.com","10913377","39898878.41668193"
"113","restaurantguru.com","10845777","65391337.63197175"
"114","gamespot.com","10765372","60515148.133928046"
"115","rome2rio.com","10753515","88181841.54498132"
"116","investopedia.com","10741675","716684727.8379376"
"117","cdc.gov","10738897","658551687.9654081"
"118","goodhousekeeping.com","10738842","365140453.82695377"
"119","sportskeeda.com","10672902","211691879.7074273"
"120","yourdictionary.com","10600499","300203560.0828818"
"121","hindustantimes.com","10548098","908407640.1783748"
"122","cosmopolitan.com","10518077","215608046.3033704"
"123","weebly.com","10496042","60676281.39476755"
"124","geeksforgeeks.org","10441137","404998808.32628644"
"125","www.nhs.uk","10411582","588906283.6308721"
"126","verywellhealth.com","10354673","241081024.78938025"
"127","gettyimages.com","10140352","109429615.97830312"
"128","wikimedia.org","10037149","36969344.4541526"
"129","expedia.com","9954020","873401757.6304729"
"130","temu.com","9874430","37305055.77400969"
"131","ca.gov","9785190","266695485.48067817"
"132","reuters.com","9685976","164324432.27141201"
"133","tvtropes.org","9657005","63029715.26747006"
"134","medlineplus.gov","9555463","563512515.2594571"
"135","issuu.com","9517843","24488345.208319664"
"136","justdial.com","9488695","472365637.35249513"
"137","nature.com","9433782","93396793.91485444"
"138","justanswer.com","9397369","31726607.304584675"
"139","economictimes.com","9374887","276408876.7479806"
"140","wiley.com","9343090","37345684.96369516"
"141","quizlet.com","9271947","38008665.709525526"
"142","agoda.com","9252473","227812667.56060022"
"143","people.com","9244555","304815671.8183696"
"144","indiamart.com","9236513","257769636.7201445"
"145","npr.org","9188422","106987976.65074292"
"146","bbb.org","8972494","123120078.75520581"
"147","today.com","8907223","240117640.98148185"
"148","nextdoor.com","8886589","35765793.14012633"
"149","oup.com","8859649","39012088.500545606"
"150","latimes.com","8843332","109680444.93485287"
"151","thesaurus.com","8838344","629408133.9628928"
"152","ziprecruiter.com","8835991","174766049.53020775"
"153","bloomberg.com","8689938","304154614.5849454"
"154","gamerant.com","8689211","89990939.7230552"
"155","company-information.service.gov.uk","8648397","130528192.38926896"
"156","amazon.fr","8615877","292775410.5750982"
"157","time.com","8500380","126397910.0154384"
"158","studocu.com","8433238","37190512.32153088"
"159","go.com","8414140","264559753.84046367"
"160","bestbuy.com","8399320","349778680.72566265"
"161","as.com","8308551","226800405.31688768"
"162","nbcnews.com","8295679","134856333.74945986"
"163","tvguide.com","8268558","219063786.70777488"
"164","academia.edu","8258027","24933176.94297035"
"165","wordhippo.com","8172776","162765375.63480473"
"166","pixabay.com","8170965","264740524.79222387"
"167","cnbc.com","8169826","388847663.9963933"
"168","nypost.com","8127787","112452485.55929339"
"169","oxfordlearnersdictionaries.com","8074196","206101800.38401634"
"170","amazon.ca","8047396","246102431.70058385"
"171","espn.com","8042228","2174253170.1102734"
"172","lefigaro.fr","7994013","122047259.91599213"
"173","craigslist.org","7991662","105679177.14551355"
"174","variety.com","7978461","128118550.77811752"
"175","timeout.com","7970554","226859961.86364862"
"176","last.fm","7912349","89503810.82030664"
"177","cbr.com","7903986","71429062.72289655"
"178","kwai.com","7884304","34492345.61792778"
"179","wattpad.com","7862047","84159755.23543786"
"180","rakuten.co.jp","7815999","648037013.9865532"
"181","google.co.uk","7813623","110603033.40357155"
"182","vimeo.com","7809071","32485420.77444382"
"183","telegraph.co.uk","7794527","100123656.59097762"
"184","google.co.in","7771897","527194594.19891834"
"185","lowes.com","7701693","319351547.296138"
"186","tripadvisor.co.uk","7690355","428530149.7822455"
"187","msdmanuals.com","7680937","210598630.8526774"
"188","canva.com","7667612","428228566.3697503"
"189","apnews.com","7626766","194581537.80097282"
"190","zillow.com","7622172","327388383.4661839"
"191","infobae.com","7596641","132653816.58306563"
"192","themoviedb.org","7590259","155246212.0297377"
"193","trustpilot.com","7584650","247797332.1574468"
"194","depositphotos.com","7546687","47571664.838293836"
"195","toppr.com","7479207","169646921.0542224"
"196","elpais.com","7469667","149748567.88258585"
"197","buzzfeed.com","7459814","79151930.28000824"
"198","msn.com","7427677","106250413.3511918"
"199","hollywoodreporter.com","7339338","80047789.49489851"
"200","www.gov.uk","7300640","305563933.2617445"
"201","testbook.com","7288280","194523105.69942573"
"202","lemon8-app.com","7284035","37740536.67704323"
"203","amazon.co.jp","7282244","558483744.3629212"
"204","uol.com.br","7264046","595734572.2722898"
"205","ubereats.com","7263102","402440581.21264184"
"206","steampowered.com","7234804","302091037.7397191"
"207","collider.com","7144263","80500533.17003141"
"208","naver.com","7114958","172015269.2383081"
"209","globo.com","7101166","795402975.5514536"
"210","glosbe.com","7073692","91830561.67856282"
"211","pbs.org","7038076","105854841.95359914"
"212","barnesandnoble.com","7019987","114579249.96777864"
"213","parade.com","6994807","330984292.1581888"
"214","ew.com","6983716","109081307.4154869"
"215","ameblo.jp","6945930","85583801.35294734"
"216","google.ca","6929236","91790181.69359013"
"217","indianexpress.com","6925490","320341775.69583315"
"218","digitaltrends.com","6877927","103729280.84288032"
"219","cbc.ca","6869669","89207961.52142897"
"220","ikea.com","6869035","358176489.2615546"
"221","line.me","6858162","95653380.84800322"
"222","khanacademy.org","6853621","240405943.12823775"
"223","urbandictionary.com","6838170","114513366.69488114"
"224","kayak.com","6806698","408260159.87385315"
"225","hopkinsmedicine.org","6730501","388326257.88734984"
"226","crunchbase.com","6725781","85200692.61631264"
"227","google.de","6709593","101374892.04754491"
"228","vecteezy.com","6689377","60440887.347882904"
"229","deezer.com","6685607","63534945.541577764"
"230","ouest-france.fr","6683963","165342232.6622051"
"231","archive.org","6642070","66760834.18058339"
"232","makeuseof.com","6634150","51652522.52851226"
"233","mirror.co.uk","6626422","75242242.92914577"
"234","thesun.co.uk","6612022","77008974.02035084"
"235","pinterest.es","6585072","192668717.05506682"
"236","realtor.com","6577586","201398697.50416443"
"237","discogs.com","6565312","34445384.601139724"
"238","thoughtco.com","6549405","96285816.89066964"
"239","news18.com","6528348","336528189.06009007"
"240","marca.com","6509199","251017363.16711718"
"241","softonic.com","6474776","239339499.23191997"
"242","wikidata.org","6452051","37478696.38075807"
"243","chegg.com","6429626","28151364.883266006"
"244","samsung.com","6411585","218726647.41771895"
"245","medicinenet.com","6406830","72635046.86029017"
"246","allrecipes.com","6404534","554818510.8618623"
"247","tenor.com","6386839","94909081.18379578"
"248","wired.com","6385669","106533953.54698747"
"249","dnb.com","6354953","42779684.99394999"
"250","groupon.com","6348200","373567799.15442234"
"251","mit.edu","6327168","99283980.09230414"
"252","techradar.com","6289675","112426765.6822246"
"253","ndtv.com","6287123","560726374.0489438"
"254","ebay.ca","6286919","23025512.265518807"
"255","ny.gov","6274748","151321964.91505596"
"256","kleinanzeigen.de","6271660","73338124.05838652"
"257","elle.com","6261090","129232487.47389542"
"258","ldoceonline.com","6252879","63581520.319426715"
"259","si.com","6248485","193527992.07972172"
"260","canada.ca","6241700","175418601.2448099"
"261","jhu.edu","6240580","33861048.77653666"
"262","shazam.com","6230123","32076191.003562003"
"263","ebay.de","6227037","59802385.76267207"
"264","cornell.edu","6212559","119165389.7120933"
"265","costco.com","6193021","247001749.14691067"
"266","aminoapps.com","6177529","27887623.618173007"
"267","pcmag.com","6166328","151838282.5895935"
"268","theverge.com","6163240","89334539.76120882"
"269","bandcamp.com","6141885","57083906.20563875"
"270","thegamer.com","6123110","42561937.348152764"
"271","salary.com","6100812","25326205.260999113"
"272","wsj.com","6090591","156398430.41175175"
"273","justwatch.com","6083380","64433639.94401272"
"274","tandfonline.com","6054232","18118808.604184743"
"275","city-data.com","6025895","23515217.79731525"
"276","metacritic.com","6022112","60705355.79718466"
"277","pons.com","5998722","310721979.03935266"
"278","vedantu.com","5992161","187087873.57949454"
"279","shabdkosh.com","5968760","514691982.660573"
"280","biomedcentral.com","5961433","40765014.67574012"
"281","lavanguardia.com","5946006","112248740.74014159"
"282","rollingstone.com","5942680","89878529.46780656"
"283","libretexts.org","5939544","129081037.61480896"
"284","medscape.com","5917571","123429165.97660671"
"285","jiosaavn.com","5917481","144738712.2819664"
"286","pagesjaunes.fr","5911757","122765936.66884232"
"287","manta.com","5880531","7805162.484143635"
"288","lifewire.com","5865866","102231712.7992813"
"289","primevideo.com","5828700","180980009.67966062"
"290","accuweather.com","5793499","1185746591.8278291"
"291","usda.gov","5777290","145348558.7186575"
"292","allevents.in","5746427","11518722.647797428"
"293","makemytrip.com","5742499","664701584.3222318"
"294","mundodeportivo.com","5742251","110814928.25931978"
"295","theconversation.com","5737395","41232420.792887"
"296","kidshealth.org","5667470","163673862.59823105"
"297","statista.com","5632450","93835389.16824831"
"298","detik.com","5607413","494614485.4366584"
"299","who.int","5586998","166351968.6255701"
"300","tomsguide.com","5577351","88416462.75104806"
"301","rocketreach.co","5574556","16041063.100581598"
"302","unsplash.com","5563758","484637679.90848464"
"303","travelocity.com","5561931","122100786.73265715"
"304","prom.ua","5558382","31441354.321673997"
"305","hinative.com","5523574","31865044.568803668"
"306","billboard.com","5514108","71257516.38572565"
"307","tistory.com","5511740","44945867.74405056"
"308","ranker.com","5500793","49760262.08299694"
"309","vulture.com","5494414","79062219.81192988"
"310","texas.gov","5484772","114149890.8908302"
"311","uptodown.com","5472172","264325139.88305557"
"312","houzz.com","5469473","59112232.092836276"
"313","amazon.es","5458156","162797660.28515607"
"314","popsugar.com","5452467","38388522.49753246"
"315","encyclopedia.com","5446346","31379744.549854606"
"316","capcut.com","5430973","41403621.05679501"
"317","newsweek.com","5408604","43022247.39015124"
"318","indiatoday.in","5393455","279441183.602679"
"319","womenshealthmag.com","5385973","65529315.548640184"
"320","prezi.com","5384563","17064021.62965732"
"321","sagepub.com","5363012","17501628.62074606"
"322","foodnetwork.com","5333897","238054617.85023454"
"323","letras.com","5332902","67128971.50936672"
"324","rateyourmusic.com","5330706","25421948.191249773"
"325","betterhealth.vic.gov.au","5303773","177823181.91597646"
"326","oed.com","5288800","70729058.35653177"
"327","express.co.uk","5285253","37639014.81211476"
"328","menshealth.com","5276596","87597354.09856822"
"329","abebooks.com","5246009","17568170.138092753"
"330","gamesradar.com","5225000","55188495.995253325"
"331","everydayhealth.com","5224401","54881758.40302758"
"332","brainly.in","5190625","56252676.29090212"
"333","marriott.com","5189397","230666821.37319025"
"334","thehindu.com","5183832","300294063.13638127"
"335","stanford.edu","5178565","89702258.73620604"
"336","tokopedia.com","5175566","307774863.94715875"
"337","prnewswire.com","5166381","32864680.36879418"
"338","123rf.com","5161396","18716223.36825516"
"339","ft.com","5161381","83954671.09292689"
"340","mountsinai.org","5158432","205690416.42755842"
"341","esquire.com","5134976","78187998.51482981"
"342","movieweb.com","5134506","48474367.29576216"
"343","healthdirect.gov.au","5134191","131841643.61696318"
"344","mdpi.com","5129733","27777097.037325863"
"345","instructables.com","5123281","36284443.269987196"
"346","kompas.com","5120581","241651286.96782827"
"347","pinterest.de","5096402","121826720.48743965"
"348","musixmatch.com","5095704","17499030.869193655"
"349","india.com","5089150","276275195.70050174"
"350","pngwing.com","5088164","36633418.1567395"
"351","southernliving.com","5071397","267575434.9781295"
"352","mapcarta.com","5063352","10967093.418325508"
"353","olx.ua","5061222","64651351.93112986"
"354","umich.edu","5050838","60542215.916132584"
"355","google.co.id","5049783","292305264.5768806"
"356","superpages.com","5045783","5141134.547042999"
"357","brainly.com","5044066","16912862.360499684"
"358","airbnb.com","5028555","47369124.46787547"
"359","howstuffworks.com","5026401","105040867.93130493"
"360","boomplay.com","5023129","29015065.686105423"
"361","cookpad.com","5018518","264953420.79989302"
"362","tribunnews.com","5015589","129445375.24305698"
"363","abc.net.au","5004127","41273121.17958746"
"364","travelweekly.com","5004081","45300678.63410163"
"365","polygon.com","4981234","40939794.54096574"
"366","coursehero.com","4974693","15707657.905395081"
"367","livemint.com","4965855","364131953.60729426"
"368","namu.wiki","4950072","280050766.3322283"
"369","goal.com","4940577","276174619.0485268"
"370","health.com","4938196","123537332.68285981"
"371","behance.net","4934495","37761968.24023679"
"372","dzen.ru","4930911","11903026.916157255"
"373","elespanol.com","4928702","49702424.87363292"
"374","patch.com","4925103","20031728.28435698"
"375","countryliving.com","4916251","168171329.40915093"
"376","radiotimes.com","4910998","79651699.27650036"
"377","redfin.com","4899258","72706770.622183"
"378","nasa.gov","4895178","201599469.54951543"
"379","un.org","4893090","111386539.47229043"
"380","huffpost.com","4892012","45190601.51354654"
"381","wa.gov","4885568","60022416.49516739"
"382","standard.co.uk","4876366","52629278.51643549"
"383","doordash.com","4824246","1351788725.8191383"
"384","elmundo.es","4818280","168315349.1429447"
"385","alberta.ca","4814295","67452584.52669683"
"386","commonsensemedia.org","4811837","49703085.04055817"
"387","amazon.com.au","4797969","53516295.60883051"
"388","pngtree.com","4782979","58455695.09344232"
"389","frontiersin.org","4774506","25191100.003044285"
"390","nsw.gov.au","4774314","74707068.62059908"
"391","goodrx.com","4770412","90378242.49090041"
"392","thespruce.com","4763860","158652488.3802936"
"393","answers.com","4747217","22031173.91963191"
"394","goo.ne.jp","4746556","181740529.1391849"
"395","business.site","4745255","97058057.1172988"
"396","lemonde.fr","4742941","70716303.59628728"
"397","kiddle.co","4727425","19816962.100832276"
"398","weather.com","4721540","1653837300.2032197"
"399","loc.gov","4720224","111763552.93771611"
"400","wordnik.com","4702792","84268695.41011335"
"401","rozetka.com.ua","4685831","78146765.23482852"
"402","metro.co.uk","4683152","38973953.18939374"
"403","com.be","4672786","34346199.914884396"
"404","hubspot.com","4617577","167317563.2207987"
"405","rd.com","4606883","106922199.08772258"
"406","abplive.com","4602030","219120263.28437808"
"407","nationalgeographic.com","4585990","198874993.5977386"
"408","linguee.com","4550703","61303829.17807704"
"409","poshmark.com","4549223","25198842.020551488"
"410","letras.mus.br","4545482","100952915.24187368"
"411","mercadolivre.com.br","4540070","192395154.17208198"
"412","chron.com","4531948","37014463.02838031"
"413","deadline.com","4507071","50322347.53773849"
"414","pinterest.co.uk","4502959","174783595.4566316"
"415","mashable.com","4501831","71628637.43121012"
"416","digitalspy.com","4493717","31942759.081931863"
"417","macys.com","4488223","195398446.56789044"
"418","bbcgoodfood.com","4480138","226616256.2503483"
"419","psu.edu","4468277","49923149.35964343"
"420","vectorstock.com","4460664","44613894.10055308"
"421","dexerto.com","4458010","34696819.83642355"
"422","amazon.it","4455858","200407806.87030336"
"423","semanticscholar.org","4428717","8670312.529495107"
"424","grubhub.com","4419919","680427117.6857604"
"425","aol.com","4417120","78142133.99122706"
"426","viator.com","4409520","52399298.78314736"
"427","opentable.com","4405440","514207032.595385"
"428","realsimple.com","4394067","96587651.730442"
"429","yumpu.com","4393605","7617279.3562730905"
"430","jooble.org","4388410","20806916.148327522"
"431","techtarget.com","4387378","362951106.66554344"
"432","thepioneerwoman.com","4385465","177340387.84784895"
"433","yandex.ru","4373038","26292236.85613308"
"434","gutefrage.net","4372559","26543876.726510227"
"435","mercari.com","4370997","60299946.06948478"
"436","harpersbazaar.com","4367803","80746083.3982777"
"437","refinery29.com","4351691","20896287.937145494"
"438","orbitz.com","4350863","55664430.569308594"
"439","eventbrite.com","4346840","36162890.26981168"
"440","investing.com","4346483","391974115.01123065"
"441","nps.gov","4340539","241830385.842176"
"442","wayfair.com","4330409","119194266.41732572"
"443","hm.com","4326177","146154197.71704918"
"444","zippia.com","4315998","21201860.49639729"
"445","mubi.com","4308836","35434718.322406724"
"446","letterboxd.com","4306369","34509723.861259624"
"447","javatpoint.com","4291344","134102755.22190672"
"448","food.com","4285467","122069532.17351888"
"449","tripadvisor.ca","4281062","272717712.3282819"
"450","euronews.com","4276967","47748694.97847685"
"451","mercadolibre.com.mx","4275448","180163733.34243786"
"452","liputan6.com","4269300","175706577.90406117"
"453","ebay.com.au","4254043","20365367.818820402"
"454","vk.com","4250143","21103308.45651615"
"455","klook.com","4236871","76092951.31334592"
"456","kumparan.com","4233345","163109937.83731604"
"457","shein.com","4218550","60929860.475224815"
"458","dw.com","4215919","30549146.342629522"
"459","foxnews.com","4211756","240311006.7372882"
"460","google.com.ua","4211389","33110640.195399657"
"461","bhg.com","4209572","87216355.6571755"
"462","pinterest.fr","4209202","87499615.39166927"
"463","sofascore.com","4207721","370153924.85305434"
"464","cancer.gov","4199254","203230699.8215816"
"465","amazon.com.br","4187306","128500618.07945676"
"466","nerdwallet.com","4183091","357627406.1803189"
"467","pexels.com","4169695","262972206.27634412"
"468","bleacherreport.com","4164949","156684352.92852312"
"469","cbssports.com","4161635","642243250.9935755"
"470","lawinsider.com","4155179","27591550.497198056"
"471","drugs.com","4129910","118123637.77597778"
"472","shopee.co.id","4127642","253925799.19494906"
"473","made-in-china.com","4110546","11321757.443359444"
"474","mojim.com","4097219","37207084.53086644"
"475","the-sun.com","4093731","37979368.45884217"
"476","azlyrics.com","4089272","67067610.293025084"
"477","roku.com","4087972","51918356.037856765"
"478","ultimate-guitar.com","4087414","64408067.00249099"
"479","substack.com","4086861","20287133.45062212"
"480","state.gov","4076781","169102094.79391465"
"481","sportingnews.com","4068393","81164008.07661341"
"482","yelp.ca","4059111","113527895.53352857"
"483","livejournal.com","4053563","9053414.494841324"
"484","eater.com","4048724","178345765.18650433"
"485","fnac.com","4040465","46988329.62597688"
"486","umn.edu","4034781","51186406.146414615"
"487","trulia.com","4024983","172775822.75639343"
"488","apartments.com","4004854","207840537.40538275"
"489","alltrails.com","3999161","61864190.828608535"
"490","legacy.com","3996862","68384045.41217516"
"491","xbox.com","3995855","96087640.60731424"
"492","timeanddate.com","3993442","815773172.9135618"
"493","20minutos.es","3992918","76382825.10778822"
"494","mumsnet.com","3992290","15195238.392053489"
"495","lyricstranslate.com","3991633","9735937.502645923"
"496","nordstrom.com","3962315","285342605.7781548"
"497","abc.es","3955810","55973952.74878923"
"498","uptodate.com","3952372","64443527.3529423"
"499","ibm.com","3951536","157853176.03997493"
"500","note.com","3949121","47633191.74969843"
"501","foxsports.com","3943923","396344758.32628214"
"502","justia.com","3934781","31651963.58707737"
"503","fodors.com","3934531","32575605.603267238"
"504","kroger.com","3922336","77107553.06958483"
"505","healthgrades.com","3920205","37915667.99966212"
"506","asos.com","3905986","89270636.05969968"
"507","tasteofhome.com","3899883","112842515.76010767"
"508","lww.com","3897752","16948045.40931947"
"509","filmaffinity.com","3897160","87595466.42120975"
"510","jagran.com","3871251","182473659.16731197"
"511","google.fr","3867669","171704583.19355106"
"512","rakuten.com","3866851","26825523.84733578"
"513","wise.com","3866780","695248059.5230733"
"514","apkpure.com","3864825","62817187.619525574"
"515","unirioja.es","3860303","17307250.710750252"
"516","marketwatch.com","3858242","658664123.1751412"
"517","rogerebert.com","3852899","59575618.810773164"
"518","vrbo.com","3852474","45528352.312414765"
"519","aljazeera.com","3849349","176152649.42539498"
"520","vogue.com","3832015","67138468.61572531"
"521","playstation.com","3830864","134216625.78136712"
"522","si.edu","3803636","114572575.12572034"
"523","theathletic.com","3788666","269667831.8394205"
"524","theknot.com","3779156","92963103.19625272"
"525","almaany.com","3771444","60615204.21912019"
"526","scmp.com","3763604","37614876.152325235"
"527","timesnownews.com","3752935","143116210.93294007"
"528","focus.de","3749529","39086414.41093054"
"529","teacherspayteachers.com","3745628","23092314.494255215"
"530","tutorialspoint.com","3736962","50793659.32957049"
"531","business-standard.com","3735147","168431900.34092414"
"532","mappy.com","3727476","57894189.03775759"
"533","aarp.org","3725707","57641192.82071461"
"534","tureng.com","3717825","60215061.150723"
"535","lumenlearning.com","3707234","45230738.01169101"
"536","oxfordreference.com","3703994","25249997.32536021"
"537","ufl.edu","3698620","52648244.83525582"
"538","psychologytoday.com","3689661","52814282.95617138"
"539","vox.com","3681779","43126809.20891482"
"540","larousse.fr","3680978","236049862.29002994"
"541","livescience.com","3680021","56119594.93987121"
"542","tripadvisor.co","3679116","29819280.950257234"
"543","ctvnews.ca","3664479","47396994.79645342"
"544","consumerreports.org","3663282","58017437.1898413"
"545","lyrics.com","3656616","22157412.699365318"
"546","shopify.com","3652043","125015785.93423252"
"547","restaurantji.com","3651773","5431357.423919965"
"548","superuser.com","3651443","24182612.625916347"
"549","allmusic.com","3648667","31151508.566490162"
"550","mynavi.jp","3645797","108975065.51174599"
"551","google.com.au","3642666","22175581.373092964"
"552","fda.gov","3640638","62460926.97079912"
"553","magazineluiza.com.br","3639877","165281712.47142014"
"554","thespruceeats.com","3638044","95462112.45821756"
"555","columbia.edu","3636648","39978386.542779535"
"556","history.com","3631276","145133398.69194704"
"557","nymag.com","3628621","51327794.16099174"
"558","google.co.jp","3607065","114994887.83389631"
"559","newyorker.com","3606302","47456994.17379696"
"560","shiksha.com","3605167","232049989.56912905"
"561","famousbirthdays.com","3601721","44121259.931350805"
"562","wondershare.com","3596140","39857520.93486611"
"563","glamour.com","3590382","80620004.2394166"
"564","mercadolibre.com.ar","3589695","122536549.10968436"
"565","francetvinfo.fr","3583447","67900519.79364008"
"566","eatingwell.com","3578695","91167395.91155368"
"567","aaa.com","3578502","85717709.74115863"
"568","definitions.net","3575345","23226246.303453125"
"569","elconfidencial.com","3573419","46821130.70029224"
"570","comicbook.com","3572754","12147616.450388923"
"571","loopnet.com","3569908","18480009.561259523"
"572","rae.es","3562678","393085922.54854035"
"573","trivago.com","3559038","90065321.46394528"
"574","tripadvisor.in","3556041","504887604.3003147"
"575","noaa.gov","3552859","130488320.74120075"
"576","thekitchn.com","3550256","72586427.26771611"
"577","mozilla.org","3547619","111221922.55003539"
"578","delish.com","3546334","153939235.71987328"
"579","unacademy.com","3543537","169182745.37246987"
"580","bmj.com","3541044","24516116.28486701"
"581","cntraveler.com","3536874","109610158.12080523"
"582","eonline.com","3524088","42900421.092607826"
"583","twitch.tv","3523858","170939643.55605945"
"584","sky.com","3520878","99833468.3849141"
"585","cdiscount.com","3516743","47606591.417309046"
"586","powerthesaurus.org","3508615","19010024.98852452"
"587","plex.tv","3500730","32655879.749967605"
"588","usmagazine.com","3497322","71570272.6865703"
"589","bol.com","3493725","53656875.461396866"
"590","travelandleisure.com","3492958","92247543.44293393"
"591","masterclass.com","3485303","72237543.92507198"
"592","terra.com.br","3483977","129388121.05363396"
"593","rochester.edu","3481662","57143609.27466365"
"594","menupix.com","3477768","6687451.149251813"
"595","theatlantic.com","3465432","37286137.83179939"
"596","vice.com","3465252","20226081.539797567"
"597","pressbooks.pub","3463064","30828217.097141802"
"598","leparisien.fr","3456042","43275952.26508319"
"599","lonelyplanet.com","3455783","76969669.40400907"
"600","skysports.com","3447592","470771143.10754263"
"601","recepteds.shop","3442350","3944974.715820376"
"602","etymonline.com","3441482","16884032.236149017"
"603","cvs.com","3430850","234344754.25014666"
"604","pngegg.com","3428215","12552190.121469328"
"605","caranddriver.com","3422329","153770225.7787764"
"606","spanishdict.com","3416186","201264711.22942162"
"607","amarujala.com","3414713","211623135.67701894"
"608","yell.com","3410785","31298080.549820982"
"609","virginia.gov","3406587","49622341.68206477"
"610","byrdie.com","3402668","83045469.68489864"
"611","jamanetwork.com","3400893","19849587.09401238"
"612","angi.com","3390760","90500429.56196344"
"613","kohls.com","3385573","97734101.37801068"
"614","bustle.com","3381815","12722373.95591011"
"615","ebay.fr","3381708","16622984.52512435"
"616","core.ac.uk","3381644","8981931.133810755"
"617","wanderlog.com","3380921","17662276.49134674"
"618","educalingo.com","3380009","7627622.177493295"
"619","giphy.com","3379758","73993852.07173286"
"620","berkeley.edu","3371032","56412815.186150834"
"621","tvinsider.com","3363979","59975065.07762954"
"622","pitchbook.com","3360373","25053362.638416946"
"623","nike.com","3355234","323653343.547808"
"624","birdeye.com","3349932","6164910.978304684"
"625","nyc.gov","3345718","101262188.44898143"
"626","verywellmind.com","3341803","135347931.19248095"
"627","priceline.com","3340583","50360332.096456975"
"628","iheart.com","3335784","31696166.39665325"
"629","google.it","3335730","68812295.07712066"
"630","elcomercio.pe","3323720","67705164.2343211"
"631","zmenu.com","3319417","7345202.865535421"
"632","hinkhoj.com","3316917","206561293.38059694"
"633","marthastewart.com","3316499","65306624.7287278"
"634","tripadvisor.fr","3314731","158726186.93213487"
"635","va.gov","3314709","56298593.55007218"
"636","lanacion.com.ar","3312576","96411259.80734552"
"637","epa.gov","3309993","75531354.81612605"
"638","homes.com","3308230","77350560.20711827"
"639","foodandwine.com","3303062","126562127.18904185"
"640","babycenter.com","3301175","46704208.057747185"
"641","nhsinform.scot","3300955","108562766.54313806"
"642","planetofhotels.com","3300675","8083380.831726618"
"643","moneycontrol.com","3290129","1279626127.134487"
"644","mercadolibre.com.co","3277761","55744833.83732295"
"645","johnlewis.com","3272004","57724958.0287784"
"646","wisc.edu","3252234","47999214.82349464"
"647","hamariweb.com","3251418","107173888.06745404"
"648","apa.org","3245109","54143628.81707648"
"649","omnicalculator.com","3243046","216695493.41340464"
"650","smh.com.au","3235495","22957193.16728453"
"651","prevention.com","3229317","72764245.46878415"
"652","casetext.com","3222772","8706386.276893085"
"653","bartleby.com","3216178","9034333.679957142"
"654","oracle.com","3213458","62827702.63387104"
"655","navitime.co.jp","3204445","88226978.50044423"
"656","blibli.com","3199167","134962263.6227725"
"657","news-medical.net","3198691","34340068.426080815"
"658","fastercapital.com","3198118","7227623.05980091"
"659","roadtrippers.com","3196856","14418823.643709674"
"660","archiveofourown.org","3183829","21136154.977161705"
"661","irs.gov","3179626","197540151.48513648"
"662","alamy.es","3178320","9851139.036357706"
"663","livestrong.com","3173754","17916214.410616297"
"664","eurogamer.net","3162949","24659279.338686462"
"665","bringfido.com","3150609","24492936.69199474"
"666","clarin.com","3148114","60482289.753112726"
"667","cylex-uk.co.uk","3147341","14243480.632550297"
"668","studysmarter.co.uk","3144347","26274811.398093425"
"669","smule.com","3142182","42305930.90517599"
"670","globalnews.ca","3141551","46016039.74835696"
"671","apkcombo.com","3140389","35283192.18073987"
"672","simplyhired.com","3139254","15238895.337870596"
"673","theculturetrip.com","3136737","25450896.200805098"
"674","songfacts.com","3134747","21375570.296955727"
"675","unam.mx","3134263","55583728.720140666"
"676","fc2.com","3119294","27452011.89687278"
"677","jagranjosh.com","3117208","144054571.96165422"
"678","kompass.com","3111523","9335035.165165843"
"679","fortune.com","3111254","46675203.2257445"
"680","traveloka.com","3107707","104120289.8933775"
"681","wikimapia.org","3106593","8145823.010695055"
"682","mass.gov","3102589","35765144.09987151"
"683","wynk.in","3095729","114869780.27221958"
"684","howtogeek.com","3094221","27307822.356154226"
"685","nikkei.com","3092348","107293412.14579621"
"686","idealo.de","3089473","44778803.1776555"
"687","amazon.com.mx","3075276","102689190.45294602"
"688","pinterest.com.mx","3069451","139085522.1521622"
"689","ingles.com","3065955","204722306.3530199"
"690","tripadvisor.de","3065918","108482444.91776901"
"691","howtopronounce.com","3060925","21285563.436808467"
"692","docomo.ne.jp","3055666","90890385.9587995"
"693","tuasaude.com","3055523","118819495.8595783"
"694","t-online.de","3044789","59732059.95350407"
"695","cinemablend.com","3037048","16812814.219886616"
"696","walgreens.com","3034387","206266426.9594512"
"697","purdue.edu","3032617","92873291.41102324"
"698","momjunction.com","3031576","30663692.011411693"
"699","yale.edu","3030822","27886780.790480103"
"700","vinmec.com","3018743","54562740.40417387"
"701","stern.de","3016429","31483131.19076053"
"702","ieee.org","3014562","19602036.41721648"
"703","androidauthority.com","2999417","36182137.50011965"
"704","untappd.com","2997435","12521964.602213014"
"705","prtimes.jp","2997256","54652562.182202056"
"706","chordify.net","2996965","5691036.146846514"
"707","instacart.com","2995838","64535927.0351515"
"708","hatenablog.com","2992932","20134972.551510498"
"709","decider.com","2991369","17174601.634930506"
"710","google.co.kr","2981654","14290390.7299129"
"711","upenn.edu","2976582","27002039.044121977"
"712","pa.gov","2972604","42816525.41185618"
"713","smithsonianmag.com","2970494","44451827.222386174"
"714","corriere.it","2969230","98679076.49848494"
"715","walmart.ca","2968104","54681040.61413448"
"716","familysearch.org","2964870","34250312.08590658"
"717","epicentrk.ua","2963228","26902531.24610942"
"718","spiegel.de","2955384","74971190.55324242"
"719","seamless.com","2953207","38542179.11349927"
"720","nme.com","2952778","21482815.57351309"
"721","toasttab.com","2946978","29671095.505425666"
"722","findmeglutenfree.com","2946806","18532809.60253129"
"723","edmunds.com","2943806","136907449.4346913"
"724","wordsmyth.net","2942653","17761606.794130325"
"725","hp.com","2939547","66599506.88444089"
"726","cars.com","2931261","151686659.1757085"
"727","washington.edu","2930891","34049668.50689616"
"728","distractify.com","2924689","17784146.66709431"
"729","hola.com","2922357","42934191.61653847"
"730","google.com.br","2918734","117527550.42166446"
"731","artstation.com","2918530","11251652.041545583"
"732","reserving.com","2916338","9371745.941503024"
"733","pixnet.net","2914913","26266924.39389041"
"734","pcgamer.com","2912194","35662715.410130255"
"735","thetimes.co.uk","2907709","34296366.77999511"
"736","pinterest.jp","2907079","88046049.41744496"
"737","in.gov","2905340","40912131.00322399"
"738","aajtak.in","2904628","269057113.64369893"
"739","brainly.lat","2893176","17304030.205181442"
"740","zdnet.com","2890462","56559529.39468264"
"741","michigan.gov","2889452","36822766.59665196"
"742","kbb.com","2889171","138270554.81866398"
"743","ancestry.com","2886620","54349732.83143705"
"744","livehindustan.com","2883889","185975658.02157488"
"745","pikiran-rakyat.com","2883561","29251957.585441593"
"746","prokerala.com","2878059","101560302.09433815"
"747","zendesk.com","2875888","34261641.0312497"
"748","ea.com","2874905","73394371.85954687"
"749","tr-ex.me","2872634","18729045.009490013"
"750","nj.gov","2870432","35840152.34973102"
"751","msu.edu","2870156","32149620.153282896"
"752","youm7.com","2864758","64293896.83807152"
"753","squarespace.com","2860697","18530171.352397293"
"754","opencorporates.com","2853936","5898472.436966186"
"755","france24.com","2853486","26770177.39216154"
"756","dribbble.com","2851206","22674050.85149884"
"757","pennmedicine.org","2849025","110349129.77832977"
"758","abril.com.br","2837627","44399100.821803406"
"759","meinestadt.de","2834907","16433279.313035337"
"760","daum.net","2834879","14871839.800219437"
"761","kaiserpermanente.org","2828884","36352674.93513599"
"762","hgtv.com","2828474","77145020.59752955"
"763","allocine.fr","2826655","183073910.83678567"
"764","bonappetit.com","2822430","78223199.66884145"
"765","pharmeasy.in","2816647","125999277.10164735"
"766","news.com.au","2810252","22685046.0069165"
"767","grid.id","2807104","41442040.38821116"
"768","samsclub.com","2804893","90829569.34303302"
"769","hilton.com","2802637","197899213.10526237"
"770","pixiv.net","2800550","170255077.3872097"
"771","audible.com","2800276","21456296.51056035"
"772","lastminute.com","2798148","42412335.69776271"
"773","lovetoknow.com","2798073","27966568.596891146"
"774","univision.com","2796364","19533386.171761967"
"775","urdupoint.com","2792296","89381828.1295305"
"776","osu.edu","2791804","32537449.64085606"
"777","looper.com","2791593","17643640.05419518"
"778","hrs.com","2791210","11826805.019324517"
"779","otto.de","2789995","37653677.333474465"
"780","udemy.com","2785499","34527873.17071138"
"781","findlaw.com","2785269","37412733.77383798"
"782","chip.de","2784950","76107377.47412962"
"783","gotquestions.org","2783481","39988462.780714095"
"784","singleplatform.com","2762739","26762535.597037885"
"785","tripsavvy.com","2762072","33167224.900970817"
"786","bfmtv.com","2758730","40883999.86987798"
"787","fool.com","2753860","58854607.16613562"
"788","eltiempo.com","2752820","53013503.599550985"
"789","weather.gov","2751196","313800774.9423834"
"790","mo.gov","2751160","42265847.899927646"
"791","ucdavis.edu","2750631","36154651.940914065"
"792","thewrap.com","2748781","21717778.67399375"
"793","seriouseats.com","2746262","59736038.08798547"
"794","w3schools.com","2746199","158033332.56016842"
"795","deepl.com","2745866","1286796826.6571834"
"796","shopee.com.br","2744538","67933748.01124485"
"797","thriftbooks.com","2736409","21305819.556784775"
"798","ct.gov","2731548","29355945.186054602"
"799","ed.gov","2731396","43399597.83313276"
"800","cylex.de","2729608","5426276.145578202"
"801","slate.com","2729568","20088357.76544007"
"802","gaana.com","2729026","93171503.43480602"
"803","olympics.com","2726983","118166633.3399269"
"804","xeverq.shop","2726397","2788212.2816588487"
"805","20minutes.fr","2723407","66537209.32279742"
"806","verywellfit.com","2719475","79381270.09868503"
"807","firstcry.com","2719141","45841753.14890298"
"808","songmeanings.com","2717921","15992836.762253076"
"809","pxfuel.com","2715469","15546556.541899385"
"810","momondo.com","2715337","32672899.097797275"
"811","utah.edu","2714695","28984604.34388747"
"812","patient.info","2711518","20289183.70539468"
"813","actu.fr","2709460","34335371.529641144"
"814","aptoide.com","2704088","54592774.90258599"
"815","steemit.com","2704002","12612372.556288958"
"816","acs.org","2699309","34393707.96702404"
"817","menards.com","2698301","40943211.03689038"
"818","okdiario.com","2693525","24138763.186655976"
"819","mlb.com","2686801","575045391.1121522"
"820","welt.de","2685030","25811886.761807844"
"821","ycombinator.com","2684572","19287241.857127324"
"822","arcgis.com","2681762","32573020.70744592"
"823","self.com","2679395","24565212.93507414"
"824","gymglish.com","2677259","23564593.27692427"
"825","motortrend.com","2672844","35677400.94334666"
"826","udn.com","2672476","36768330.45297763"
"827","nasdaq.com","2672324","130432249.40250015"
"828","housebeautiful.com","2668620","74309535.0028968"
"829","architecturaldigest.com","2664583","63384969.531565145"
"830","dot.gov","2663778","36789112.354691304"
"831","gq.com","2662781","32218249.642771892"
"832","farfetch.com","2657967","48751493.715050764"
"833","churchofjesuschrist.org","2657851","62048941.45595174"
"834","google.es","2657321","123746694.08683302"
"835","thebump.com","2656533","69595044.17504522"
"836","zara.com","2655365","92855996.13654369"
"837","uchicago.edu","2654275","21373918.48926451"
"838","yardbarker.com","2652563","36766709.46938966"
"839","gramedia.com","2649456","120910521.16161652"
"840","www.gob.mx","2646078","134472331.53439587"
"841","worldatlas.com","2644479","56294674.59344177"
"842","arxiv.org","2644393","18404051.33281597"
"843","journaldesfemmes.fr","2644066","68116182.49628417"
"844","openedition.org","2638358","11399557.546265773"
"845","hotelplanner.com","2630679","92612720.49880624"
"846","bigl.ua","2628887","2866679.129601218"
"847","langeek.co","2623766","16680208.669593355"
"848","tubitv.com","2622054","41885086.44907053"
"849","idntimes.com","2616918","62418389.8202539"
"850","nhk.or.jp","2613176","138005361.9771927"
"851","freecodecamp.org","2612548","37950852.32584496"
"852","bankrate.com","2607270","261299939.64288065"
"853","tripadvisor.com.au","2603423","121305723.9050973"
"854","talent.com","2601678","13801505.578073354"
"855","rent.com","2600664","40982997.7117451"
"856","goibibo.com","2600312","217364932.0165289"
"857","verizon.com","2597634","108200365.63380648"
"858","scielo.br","2597592","18787596.666504357"
"859","dickssportinggoods.com","2595988","91107653.8844589"
"860","elcinema.com","2595729","33376112.744991064"
"861","ck12.org","2595485","107181425.97972076"
"862","marketscreener.com","2592980","35554575.41177487"
"863","11880.com","2584605","11016071.185475154"
"864","worldbank.org","2584468","45216209.81735405"
"865","dell.com","2582064","44472847.46076403"
"866","tabelog.com","2578497","294466756.77056557"
"867","lazada.co.id","2578254","85017480.48156382"
"868","wexqart.shop","2571309","2546443.456653919"
"869","rcaqu.shop","2571282","2423343.292415267"
"870","scientificamerican.com","2570915","33859442.25406547"
"871","carfax.com","2564413","129821647.38241163"
"872","unc.edu","2564015","33248235.270219047"
"873","utexas.edu","2556044","34287970.206625946"
"874","postmates.com","2554636","25862660.774404783"
"875","yellowpages.ca","2552132","37460209.45918483"
"876","faz.net","2545268","35528326.93045034"
"877","aafp.org","2538417","33147384.732164033"
"878","allure.com","2538242","148474556.42814386"
"879","kakaku.com","2530734","111621884.49070838"
"880","allegro.pl","2523402","109810389.91397917"
"881","linguee.fr","2514699","69251929.27879353"
"882","dbpedia.org","2513829","20846588.234547146"
"883","teenvogue.com","2511990","42107110.404348955"
"884","cnnindonesia.com","2510841","138289408.80593717"
"885","free.fr","2508016","22004867.27013755"
"886","mawdoo3.com","2507158","61657228.010023355"
"887","merckmanuals.com","2503913","39297835.47284362"
"888","illinois.edu","2503141","25279023.64073848"
"889","sueddeutsche.de","2495874","24200528.707187694"
"890","songtexte.com","2495167","15201621.608793851"
"891","thrillist.com","2494906","21474829.455171302"
"892","cedars-sinai.org","2488360","54160742.896240294"
"893","hellomagazine.com","2487550","28342315.639670625"
"894","weblio.jp","2481326","213188770.37515265"
"895","twinkl.co.uk","2480320","31283942.29024577"
"896","state.mn.us","2479869","33525157.317847304"
"897","hubpages.com","2479808","9243426.184028212"
"898","data.gouv.fr","2476064","24934018.880659945"
"899","mnemonicdictionary.com","2476061","10023376.082280662"
"900","ihg.com","2475359","118254047.67201886"
"901","lyst.com","2474300","29251081.446061082"
"902","michelin.com","2474185","80796309.95566311"
"903","purewow.com","2471425","21680228.828651622"
"904","cargurus.com","2471048","46998895.41524233"
"905","nexusmods.com","2470996","18282535.89962549"
"906","ox.ac.uk","2467568","22326669.706309795"
"907","metafilter.com","2466177","7331995.3125405945"
"908","etonline.com","2465935","27385028.14838212"
"909","illinois.gov","2463653","39445521.37702493"
"910","societe.com","2463173","15437810.47518587"
"911","bizjournals.com","2462307","8945053.294965783"
"912","maryland.gov","2462262","33607114.15794621"
"913","instyle.com","2461135","49855886.6194994"
"914","minitool.com","2461043","25724769.42858453"
"915","whosampled.com","2458831","7296115.53720054"
"916","my-best.com","2457310","101871067.91998453"
"917","t.me","2455711","48887729.99093889"
"918","aiscore.com","2453729","80732057.22935387"
"919","meteoblue.com","2453443","43991218.88597957"
"920","wordwall.net","2453072","20687827.679750964"
"921","hbr.org","2451778","53076484.696696505"
"922","jdpower.com","2450884","37360032.65750474"
"923","indiewire.com","2449658","21644689.153316885"
"924","redtoare.shop","2445879","2230912.325693164"
"925","coursera.org","2442901","103859056.21549468"
"926","collegedunia.com","2442588","75963459.48237224"
"927","socratic.org","2442099","33509955.521933354"
"928","usembassy.gov","2441892","51220087.67379253"
"929","ucla.edu","2440001","29264060.66477803"
"930","niche.com","2439207","62601918.97221273"
"931","vanityfair.com","2436672","29533025.4966327"
"932","streetdirectory.com","2434526","25247656.291723363"
"933","hotelscombined.com","2431308","13128315.829170631"
"934","ludwig.guru","2430588","14661444.69775039"
"935","libguides.com","2424896","37499340.6293958"
"936","lingvanex.com","2424635","237999664.440136"
"937","francebleu.fr","2423299","22537130.336657394"
"938","spiceworks.com","2423124","25712961.71450398"
"939","denofgeek.com","2422678","12981031.683317786"
"940","translated.net","2418777","35371647.47903401"
"941","biblestudytools.com","2415720","120505783.98995112"
"942","ebay.it","2415148","19761850.952708576"
"943","lenovo.com","2414649","46389142.65516676"
"944","doubtnut.com","2410243","20385761.92688869"
"945","oregon.gov","2410102","23322570.73478298"
"946","cuemath.com","2409173","312057334.59912837"
"947","autoblog.com","2407422","30605823.384469077"
"948","chicagotribune.com","2407186","12921981.844726173"
"949","trendyol.com","2406041","128171349.8837962"
"950","wigiyo.shop","2404421","2625338.63268519"
"951","linternaute.fr","2403147","52533511.74075566"
"952","elsevier.es","2392479","30771562.10348864"
"953","peakpx.com","2392191","50121530.49054551"
"954","cvent.com","2388103","15433263.718950493"
"955","complex.com","2384185","14619311.669067362"
"956","getyourguide.com","2382937","21683238.514409423"
"957","theglobeandmail.com","2382387","35799369.73043562"
"958","signalhire.com","2380797","5511304.352483654"
"959","bookmyshow.com","2375506","195363065.89355615"
"960","buzzfile.com","2374781","2191219.6890267506"
"961","dotesports.com","2373408","11345242.245485356"
"962","radiopaedia.org","2371415","40777920.61653601"
"963","popularmechanics.com","2369881","19396362.360482454"
"964","heb.com","2364776","44023689.218109846"
"965","redalyc.org","2363998","9843932.896026377"
"966","axios.com","2362876","24990202.064275913"
"967","seattletimes.com","2361847","17063166.03355713"
"968","indiatvnews.com","2361440","126754192.66290471"
"969","beebom.com","2357965","22624559.590035945"
"970","bild.de","2356093","80860781.02654336"
"971","tripadvisor.es","2354927","145977071.52741992"
"972","comingsoon.net","2352703","13670041.662643313"
"973","ukr.net","2352049","34808467.49292505"
"974","leverageedu.com","2349624","79284125.97097667"
"975","ncsu.edu","2345486","54356938.72502434"
"976","tradingview.com","2342746","120137904.60562725"
"977","nina.az","2340040","5420011.036781976"
"978","pcgamesn.com","2340035","31424089.683950584"
"979","pinkvilla.com","2339874","31587212.11406359"
"980","zazzle.com","2339627","11543459.200798543"
"981","voanews.com","2334667","17769687.557988763"
"982","tripadvisor.it","2334548","155977074.33556804"
"983","fineartamerica.com","2334408","12414471.589811517"
"984","knowyourmeme.com","2334212","33889105.17297655"
"985","asahi.com","2333500","65717157.65669404"
"986","top-rated.online","2331058","3477663.547961654"
"987","familyhandyman.com","2330353","31546589.839522395"
"988","hse.ie","2329703","16039037.880118357"
"989","bu.edu","2324429","25693678.82227855"
"990","biblegateway.com","2323688","131435743.46154034"
"991","ohio.gov","2319512","29018506.691523366"
"992","grammarly.com","2319047","185986572.41514152"
"993","tesco.com","2316219","97046374.969176"
"994","newsandtech.buzz","2315725","2237170.4159422778"
"995","pressreader.com","2309322","20829927.28738439"
"996","pinterest.ca","2306580","84840292.47714832"
"997","famousfix.com","2304757","8901768.332592212"
"998","usgs.gov","2304313","59717817.82396902"
"999","booked.net","2303750","6872847.242037702"
"1000","gouv.qc.ca","2301852","36586119.11843061"